ID,Showing,"Project serial no.
(EU or national)",English project title,National project title,"Free info, tags, etc",Theme Innovation Area,Portfolio,Zone,Layer,Number of national partners,"Number of inter-
national partners",Coordinating partner ID,"Optional partner ID list
(semicolon separated)",Prep Start Date,Prep End Date,Prep co-financing by your organisation,Prep resources contributed partners,Optional Prep description,Recieved OR Potential,Start Date,End Date,"Funding
(national or €)",Currency code,Co-financing by your organisation,"Other co-financing amount
(currency as col. Q, left)",Optional Co financing partner ID/IDs (Semicolon separated),National Project Abstract,English Project Abstract,Funding Organisation Id,National main funding organisation name,English main funding organisation name,Months prep,Months project,Prep co-funding per month,PM / months prep,Total funding per month,Funding per month,Own co-funding per month,Co-funding per month,Currency,2018,2019,2020,2021,2022,2023,2024,2025,2026,2027,2028,2029,2030,2031,2032,2033,2034,2035,2036,2037,2038,2039,2040,2041,2042,2043,2044,2045,2046,2047,2048,2049,2050,2051,2052,2053,2054,2055,2056,2057,2058,2059,2060,2061,2062,2063,2064,2065,2066,2067,2068,,,,,,,,,,, Comment for memory
1,1,2019-02703_Vinnova,Future by Lund 3.0,Future by Lund 3.0 Vinnova,,Base and/or generic,Base and/or generic,Yellow-A,Layer 1,1,,50,,,,,,,R,2019-09-02,2022-12-31,6 650 000,SEK,,,,"Syfte och mål: Future by Lund skall vara en arena för innovation, visionsskapande, samverkan och konkret utveckling. Plattformen adresserar angelägna utmaningar inom Smarta och Hållbara städer, genom att koppla hållbarhet och utveckling till de styrkeområden där Lunds näringsliv och kunskapsbas kan göra skillnad och sticka ut nationellt och internationellt. Future by Lund riktar sig till offentlig förvaltning, företag och organisationer som ser utmaningar och möjligheter kopplade till staden och med ambition att öka sin innovationsförmåga genom att samskapa och delta i communities. Förväntade effekter och resultat: Ökad strategisk och operativ kapacitet i mellanrummet mellan aktörer. Stärkt förmåga att skapa gemensamma mål, riktning och visioner/ scenario Ökad förståelse för hur värde skapas genom transparens och öppenhet Ökad förståelse för gemensamt lärande och kapacitetsbyggande (inkl branschöverskridande systemtänkande) Förmågan att gemensamt testa, implementera och duplicera/ skala upp har ökat Omvärldsuppkoppling och internationalisering har ökat Innovationscommunity FBL har vuxit och omfattar såväl stora organisationer som SME. Upplägg och genomförande: Partnerskapet vill utveckla sitt eget och plattformens innovationsarbete genom att: Skapa kopplingar mellan samhälle, trender, behov & teknik. Driva innovationsarbete & innovationsfrågor i samverkan. Samskapa och delta i communities för förändring, för att möta gränsöverskridande utmaningar (2030 målen) Bygga synlighet, uppmärksamhet och varumärkeskontexter för innovationsarbete. Initiera / Bygga samverkan / Skapa resurser tillsammans med andra aktör. Prova aktiviteter, frågor och skapa en yta där man kan experimentera, testa,våga göra fel såväl som att lyckas.","Purpose and goal: Future by Lund is an arena for innovation, vision creation, collaboration and concrete development. The platform addresses important challenges related to Smart and Sustainable cities, within Lund´s business and knowledge areas of strength. We are aiming to make a difference and stand out nationally and internationally. Future by Lund involves partners from public administration, companies and organizations that see challenges and opportunities linked to the city and with the ambition to increase their innovation capacity through collaborative and participatory approaches. Expected results and effects: Increase strategic & operational capacity in the space between actors in Future by Lunds. Strengthened ability to create common goals, direction and visions / scenarios Increased understanding of how value is created through transparency and openness Increased understanding of shared learning and capacity building (including cross-sectoral) Increased ability to test, implement, duplicate / scale up. Increased internationalization and international connections The innovation community FBL has grown to include both large organizations and SMEs Approach and implementation: Partners will develop their own and joint innovation work by: Connecting society, trends, needs & technology. Driving innovation work & innovation challenges in collaboration. Co-create and participate in communities to build ability for cross-border challenges (2030 goals) Build visibility, attention and brand contexts for innovation work. Initiate / Build collaboration / Create resources together with other actors. Launch try-out activities, formulate questions and create contexts where you can experiment, test, dare to make fail as well as succeed.",202100-5216,Vinnova,The Swedish innovation agency VINNOVA,0,40,0,0,166250,166250,0,0,SEK,0,4,12,12,12,0,0,0,0,0,0,0,0,,,,,,,,,,,,,,,,,,,,,,,,,,,,,,,,,,,,,,,,,,,,,,,,,
2,1,001_LK,Future by Lund 4.0 & ID,Future by Lund 4.0 samt ID,,Base and/or generic,Base and/or generic,Yellow-A,Layer 1,2,,FBL,,,,,,,R,2023-01-01,2025-12-31,12 000 000,SEK,,,,,,,,,0,36,0,0,333333.3333,333333.3333,0,0,SEK,0,0,0,0,0,12,12,12,0,0,0,0,0,,,,,,,,,,,,,,,,,,,,,,,,,,,,,,,,,,,,,,,,,,,,,,,,,
3,1,STYR_2020_527,Collaboration supporting action,Samverkansfrämjande åtgärder,,Creatives and Changemakers,KIC CCSI,Yellow-A,Layer 1,1,,LU,,,,,,,R,2020-01-01,2020-12-31,350 000,SEK,,,,KKN KIC,,202100-3211,Lunds Univeristet,Lund University,0,12,0,0,29166.66667,29166.66667,0,0,SEK,0,0,12,0,0,0,0,0,0,0,0,0,0,,,,,,,,,,,,,,,,,,,,,,,,,,,,,,,,,,,,,,,,,,,,,,,,,
4,1,STYR_2021_1287,Research funding for collaboration and cooperation,Forskningsmedel för samverkan och samarbeten,,Creatives and Changemakers,KIC CCSI,Yellow-A,Layer 1,1,,LU,,,,,,,R,2021-01-01,2021-10-31,350 000,SEK,,,,KKN KIC,,202100-3211,Lunds Univeristet,Lund University,0,10,0,0,35000,35000,0,0,SEK,0,0,0,12,0,0,0,0,0,0,0,0,0,,,,,,,,,,,,,,,,,,,,,,,,,,,,,,,,,,,,,,,,,,,,,,,,,
5,1,STYR_2021_572,Research funding for collaboration and cooperation,Forskningsmedel för samverkan och samarbeten,,Creatives and Changemakers,KIC CCSI,Yellow-A,Layer 1,1,,LU,,,,,,,R,2021-01-01,2021-12-31,350 000,SEK,,,,KKN KIC,,202100-3211,Lunds Univeristet,Lund University,0,12,0,0,29166.66667,29166.66667,0,0,SEK,0,0,0,12,0,0,0,0,0,0,0,0,0,,,,,,,,,,,,,,,,,,,,,,,,,,,,,,,,,,,,,,,,,,,,,,,,,
6,1,STYR_2021_2421,Strategic research funding,Strategiska forskningsmedel,,Creatives and Changemakers,KIC CCSI,Yellow-A,Layer 1,1,,LU,,,,,,,R,2021-11-01,2022-08-30,1 500 000,SEK,,,,KKN KIC,,202100-3211,Lunds Univeristet,Lund University,0,10,0,0,150000,150000,0,0,SEK,0,0,0,2,8,0,0,0,0,0,0,0,0,,,,,,,,,,,,,,,,,,,,,,,,,,,,,,,,,,,,,,,,,,,,,,,,,
7,1,STYR_2922_846,Strategic research funding,Strategiska forskningsmedel,,Creatives and Changemakers,KIC CCSI,Yellow-A,Layer 1,1,,LU,,,,,,,R,2022-01-01,2022-12-31,350 000,SEK,,,,KKN KIC,,202100-3211,Lunds Univeristet,Lund University,0,12,0,0,29166.66667,29166.66667,0,0,SEK,0,0,0,0,12,0,0,0,0,0,0,0,0,,,,,,,,,,,,,,,,,,,,,,,,,,,,,,,,,,,,,,,,,,,,,,,,,
8,1,Erasmus_blueprint,,Cyanotype,,Creatives and Changemakers,Fashion&,Green-B,Layer 3,19,,UnA Utr,,,,,,,R,2022-09-01,2026-08-30,1 700 000,SEK,,,,,,,Erasmus blueprint,Erasmus blueprint,0,48,0,0,35416.66667,35416.66667,0,0,SEK,0,0,0,0,4,12,12,12,8,0,0,0,0,,,,,,,,,,,,,,,,,,,,,,,,,,,,,,,,,,,,,,,,,,,,,,,,,
9,1,001_Tillväxtverket,xPlot - NEST,xPlot - NEST,NEST,Creatives and Changemakers,Fashion&,Green-B,Layer 3,4,0,Borås Inc,"Sting; FBL; VGR; Expression,Xplot",,,,,,R,2022-01-01,2025-07-30,200 000,SEK,50 000,100 000,,,,,Tillväxtverket,Tillväxtverket,0,43,1162.790698,0,6976.744186,4651.162791,1162.790698,2325.581395,SEK,0,0,0,0,12,12,12,7,0,0,0,0,0,,,,,,,,,,,,,,,,,,,,,,,,,,,,,,,,,,,,,,,,,,,,,,,,,
10,1,20307180_Tillväxtverket,,Make Space for Verkstad,,Creatives and Changemakers,Fashion&,Yellow-A,Layer 2,2,,LU,,,,,,,R,2021-06-01,2022-06-30,400 000,SEK,,100 000,,,,,Tillväxtverket,Tillväxtverket,0,13,0,0,38461.53846,30769.23077,0,7692.307692,SEK,0,0,0,7,6,0,0,0,0,0,0,0,0,,,,,,,,,,,,,,,,,,,,,,,,,,,,,,,,,,,,,,,,,,,,,,,,,
11,1,001_LU,,Samverkansinitiativ Existiensiell Resiliens,,Creatives and Changemakers,Fashion&,Yellow-A,Layer 2,9,,LU,,,,,,,R,2023-01-01,2025-12-31,2 000 000,SEK,,100 000,,,,202100-3211,Lunds Univeristet,Lund Univeristy,0,36,0,0,58333.33333,55555.55556,0,2777.777778,SEK,0,0,0,0,0,12,12,12,0,0,0,0,0,,,,,,,,,,,,,,,,,,,,,,,,,,,,,,,,,,,,,,,,,,,,,,,,,
12,1,002_LU,,Biennal,,Creatives and Changemakers,Fashion&,Yellow-A,Layer 2,2,,LU,,,,,,,R,2022-08-01,2023-06-30,995 000,SEK,,100 000,,,,202100-3211,Lunds Univeristet,Lund Univeristy,0,11,0,0,99545.45455,90454.54545,0,9090.909091,SEK,0,0,0,0,5,6,0,0,0,0,0,0,0,,,,,,,,,,,,,,,,,,,,,,,,,,,,,,,,,,,,,,,,,,,,,,,,,
13,1,004_LU,Fashion @LU,Fashion @LU,research,Creatives and Changemakers,Fashion&,Yellow-A,Layer 2,,,FBL,LU,,,,,,R,2022-06-01,2024-12-31,25 000,SEK,50 000,100 000,,,,202100-3211,Lunds Univeristet,Lund University,0,31,1612.903226,0,4032.258065,806.4516129,1612.903226,3225.806452,SEK,0,0,0,0,7,12,12,0,0,0,0,0,0,,,,,,,,,,,,,,,,,,,,,,,,,,,,,,,,,,,,,,,,,,,,,,,,,
14,1,001_LUIS,,Darklab,,Creatives and Changemakers,Archaeology and New Technology,Yellow-A,Layer 2,,,,,,,,,,R,2021-06-30,2022-03-31,60 000,SEK,,,,,,202100-3211,LUIS,LUIS,0,10,0,0,6000,6000,0,0,SEK,0,0,0,7,3,0,0,0,0,0,0,0,0,,,,,,,,,,,,,,,,,,,,,,,,,,,,,,,,,,,,,,,,,,,,,,,,,
15,1,003_Investering_egna_medel,,FLEX - Malmö Industry - Milano Microproduction,KIC CCSI,Creatives and Changemakers,Fashion&,Yellow-A,Layer 3,,,,,,,,,,R,2022-11-01,2023-04-30,100 000,SEK,,,,,,,Investering egna medel,Private investment,0,6,0,0,16666.66667,16666.66667,0,0,SEK,0,0,0,0,2,4,0,0,0,0,0,0,0,,,,,,,,,,,,,,,,,,,,,,,,,,,,,,,,,,,,,,,,,,,,,,,,,
16,1,003_Future_by_Lund_Vinnova,,KIC -stöd portföljutveckling,KIC CCSI,Creatives and Changemakers,Fashion&,Yellow-A,Layer 2,,,,,,,,,,R,2021-10-01,2022-04-30,50 000,SEK,,,,,,,The Swedish innovation agency VINNOVA,The Swedish innovation agency VINNOVA,0,7,0,0,7142.857143,7142.857143,0,0,SEK,0,0,0,3,4,0,0,0,0,0,0,0,0,,,,,,,,,,,,,,,,,,,,,,,,,,,,,,,,,,,,,,,,,,,,,,,,,
17,1,001_FAINCE_Kic,,FAINCE - KIC -stöd portföljutveckling,KIC CCSI,Creatives and Changemakers,Fashion&,Yellow-A,Layer 2,,,,,,,,,,R,2021-10-01,2022-04-30,50 000,SEK,,,,,,,Investering egna medel,Private investment,0,7,0,0,7142.857143,7142.857143,0,0,SEK,0,0,0,3,4,0,0,0,0,0,0,0,0,,,,,,,,,,,,,,,,,,,,,,,,,,,,,,,,,,,,,,,,,,,,,,,,,
18,1,004_Investering_egna_medel,,"KIC -stöd koncept, kampanj",KIC CCSI,Creatives and Changemakers,Fashion&,Yellow-A,Layer 2,,,,,,,,,,R,2021-10-01,2022-06-30,300 000,SEK,,,,,,,,,0,9,0,0,33333.33333,33333.33333,0,0,SEK,0,0,0,3,6,0,0,0,0,0,0,0,0,,,,,,,,,,,,,,,,,,,,,,,,,,,,,,,,,,,,,,,,,,,,,,,,,
19,1,005_Investering_egna_medel,,Futura,,Creatives and Changemakers,Creative and Cultural Sectors,Blue-C,Layer 4,,,,,,,,,,R,2022-01-01,2022-12-31,,SEK,,,,,,,Investering egna medel,Private investment,0,12,0,0,0,0,0,0,SEK,0,0,0,0,12,0,0,0,0,0,0,0,0,,,,,,,,,,,,,,,,,,,,,,,,,,,,,,,,,,,,,,,,,,,,,,,,,
20,1,001_Horizon,EKIP,EKIP,KIC CCSI,Creatives and Changemakers,KIC CCSI,Green-B,Layer 2,16,,LU,,,,,,,R,2023-06-01,2026-10-31,70 000 000,SEK,,,,,,,Horizon Europe,Horizon Europe,0,41,0,0,1707317.073,1707317.073,0,0,SEK,0,0,0,0,0,7,12,12,10,0,0,0,0,,,,,,,,,,,,,,,,,,,,,,,,,,,,,,,,,,,,,,,,,,,,,,,,,
21,1,001_Lunds_Kommun,,Sommarlovsentreprenörer KKN Unga,,Creatives and Changemakers,CCI,Green-B,Layer 2,,,,,,,,,,R,2022-04-01,2022-10-31,200 000,SEK,,,,,,,Lunds Kommun,City of Lund,0,7,0,0,28571.42857,28571.42857,0,0,SEK,0,0,0,0,9,0,0,0,0,0,0,0,0,,,,,,,,,,,,,,,,,,,,,,,,,,,,,,,,,,,,,,,,,,,,,,,,,
22,1,2022-03673_Vinnova,,"Framtidens hållbara handel - Drivkraften för hållbar 
konsumtion",,Creatives and Changemakers,Fashion&,Green-B,Layer 2,,,,,,,,,,,2023-02-06,2023-10-06,580 000,SEK,,,,,,202100-5216,The Swedish innovation agency VINNOVA,The Swedish innovation agency VINNOVA,0,9,0,0,64444.44444,64444.44444,0,0,SEK,0,0,0,0,0,11,0,0,0,0,0,0,0,,,,,,,,,,,,,,,,,,,,,,,,,,,,,,,,,,,,,,,,,,,,,,,,,
23,1,2021-xxxx_Energimyndighet,Resmönster e-handel,Resmönster e-handel,,Digital Cities and Citizens,Digital Cities and Citizens,Green-B,Layer 3,2,,Trivector,,,,,,,R,2021-09-01,2023-08-31,2 307 220,SEK,,,,,,,,,0,24,0,0,96134.16667,96134.16667,0,0,SEK,0,0,0,4,12,8,0,0,0,0,0,0,0,,,,,,,,,,,,,,,,,,,,,,,,,,,,,,,,,,,,,,,,,,,,,,,,,
24,1,101103772_Horizon,ELABORATOR,"ELABORATOR: EUROPEAN LIVING LAB ON DESIGNING SUSTAINABLE URBAN MOBILITY TOWARDS CLIMATE NEUTRAL 
CITIES",,Digital Cities and Citizens,Digital Cities and Citizens,Green-B,Layer 2,5,,ICCS,,,,,,,R,2023-06-01,2026-05-31,8 632 188,SEK,,,,,,,,,0,36,0,0,239783,239783,0,0,SEK,0,0,0,0,0,7,12,12,5,0,0,0,0,,,,,,,,,,,,,,,,,,,,,,,,,,,,,,,,,,,,,,,,,,,,,,,,,
25,1,005_Investering_egna_medel,Texile proposal,"aims to provide small and medium-sized enterprises (SMEs) in the Textile and Fashion sector with an accessible, flexible, and sustainable way to produce goods On Demand.","textile, DPP, SME, print",Creatives and Changemakers,Fashion&,Yellow-A,Layer 1,4,,FBL,LU:Whatt.IO;Lostboys,2023-09-01,2024-09-31,175 500,125 000,Proposal,R,,,,,,,,,,,Investering egna medel,Private investment,-1483,0,0,0,0,0,0,0,0.00 kr,,,,,,,,,,,,,,,,,,,,,,,,,,,,,,,,,,,,,,,,,,,,,,,,,,,,,,,,,,,,,,
26,1,HORIZON-CL4-2024-TWIN-TRANSITION-01-03,Vivienne,"aims to provide small and medium-sized enterprises (SMEs) in the Textile and Fashion sector with an accessible, flexible, and sustainable way to produce goods On Demand.","textile, DPP, SME, print",Creatives and Changemakers,Fashion&,Green-B,Layer 2,6,10,LU,FBLWhatt.io;Mälardalen;RTU; KTU; Delft;Aalto,2023-09-02,2024-02-25,156 000,300 000,Proposal horizon,P,2024-08-01,2027-12-31,5 000 000,EUR,,500 000,,,,,Horizon Europe,Horizon Europe,12,41,0,25000,134146.3415,121951.2195,0,12195.12195,EUR,0,0,0,0,0,0,5,12,12,12,0,0,0,,,,,,,,,,,,,,,,,,,,,,,,,,,,,,,,,,,,,,,,,,,,,,,,,
27,1,SI -nr 2,"Green, Digital & Gender Skills for SLOW FASHION","Green, Digital & Gender Skills for SLOW FASHION",EU Textile Strategy,Creatives and Changemakers,Fashion&,Green-B,Layer 2,2,2,LU,FBL,,,,,,P,2024-05-01,2025-05-01,1 000 000,SEK,,100 000,,,,,SI,Sweidsh Institute,0,13,0,0,84615.38462,76923.07692,0,7692.307692,SEK,0,0,0,0,0,0,8,5,0,0,0,0,0,,,,,,,,,,,,,,,,,,,,,,,,,,,,,,,,,,,,,,,,,,,,,,,,,
28,1,Vinnova 2024-01199,Plattform circulair textil,Plattform cirkulär textil,,Creatives and Changemakers,Fashion&,Blue-C,Layer 3,1,0,Elobina,,,,,,,R,2024-08-01,2025-10-31,1 000 000,SEK,0,0,,,,,Vinnova,,0,15,0,0,66666.66667,66666.66667,0,0,SEK,0,0,0,0,0,0,5,10,0,0,0,0,0,,,,,,,,,,,,,,,,,,,,,,,,,,,,,,,,,,,,,,,,,,,,,,,,,
29,1,Vinnova 2024-02621,MCRS-Multi circulair and sustaineble industry,MCRS - Den multicirkulära och hållbara tillverkningsindustrin,Systemdemonstrator,Creatives and Changemakers,Fashion&,Yellow-A,Layer 2,5,0,FBL,"FBL;LU:WHATT.io, LOSBOYS,InfinteAucostics",,,,,systemdemonstrator,R,2024-11-01,2025-08-31,1 500 000,SEK,150 000,800 000,"FBL;LU:WHATT.io, LOSBOYS,InfinteAucostics",Systemdemonstrator hållbar industri,,,Vinnova,,0,10,15000,0,230000,150000,15000,80000,SEK,0,0,0,0,0,0,2,8,0,0,0,0,0,,,,,,,,,,,,,,,,,,,,,,,,,,,,,,,,,,,,,,,,,,,,,,,,,
30,1,Investering_egna_medel,,Prepp LU - MSO -  AXIS - Amazon-FBL,,Creatives and Changemakers,Hybrid Digital Live experiences,Yellow-A,Layer 3,4,2,LU,,,,,,,R,2022-10-01,2023-12-31,100 000,SEK,,100 000,,,,202100-3211,Investering egna medel,,0,15,0,0,13333.33333,6666.666667,0,6666.666667,SEK,0,0,0,0,3,12,0,0,0,0,0,0,0,,,,,,,,,,,,,,,,,,,,,,,,,,,,,,,,,,,,,,,,,,,,,,,,,
31,1,003_LU,LUDICH,LUDICH/ Samverkansinitiativ Digitalisering MSO Axis,"KIC, MSO, AXIS, Sinfo",Creatives and Changemakers,Hybrid Digital Live experiences,Yellow-A,Layer 2,3,2,LU,,,,,,,R,2023-01-01,2025-12-31,3 000 000,SEK,,100 000,,,,202100-3211,Lunds Univeristet,Lund University,0,36,0,0,86111.11111,83333.33333,0,2777.777778,SEK,0,0,0,0,0,12,12,12,0,0,0,0,0,,,,,,,,,,,,,,,,,,,,,,,,,,,,,,,,,,,,,,,,,,,,,,,,,
32,1,Investering_egna_medel,Prep LU collaboration grant,Prep LU collaboration grant,LU,Creatives and Changemakers,Hybrid Digital Live experiences,Yellow-A,Layer 1,1,0,LU,Lu;FBL,2022-06-02,2022-08-30,75 000,75 000,Propsal collaboration grant,R,,,,SEK,,,,,,,,,-1468,0,0,0,0,0,0,0,SEK,,,,,,,,,,,,,,,,,,,,,,,,,,,,,,,,,,,,,,,,,,,,,,,,,,,,,,,,,,,,,,"Preparation for Collaboration Grant. 
Lisa Thelin, LU, sees the potential for ”Tematiskt samverkansinitiativ”Patrik Rydén helps formulate application, pulls in Erik Larsson LTH, Ana&Aurelija (Faculty of Law), Daniel Hjorth, CBS/School of Economics, LU"
33,1,Investering_egna_medel,Challenge investigation automatised solution with cameras ,Challenge investigation automatised solution with cameras ,Malmö Live,Creatives and Changemakers,Hybrid Digital Live experiences,Yellow-A,Layer 3,3,,Malmö Live,Malmö Live;Axis;IBM,,,,,,R,2019-03-01,2019-03-30,10 000,SEK,,20 000,,,,,,,0,1,0,0,30000,10000,0,20000,SEK,0,10,0,0,0,0,0,0,0,0,0,0,0,,,,,,,,,,,,,,,,,,,,,,,,,,,,,,,,,,,,,,,,,,,,,,,,,"Jesper Larsson talks with Axis about an automatised solution with cameras on Malmö Live. 

Together with IBM a prototype is made. 

Test at IBM conference at Malmö Live with Axis’ cameras."
34,1,Investering_egna_medel,WS User alalysis,,,Creatives and Changemakers,Hybrid Digital Live experiences,Green-B,Layer 2,4,,LU,"Malmö Live;Axis;Amazon, Frog",2022-11-01,2022-11-20,5 000,35 000,Useranalysis WS,R,,,,SEK,,,,,,,,,-1473,0,0,0,0,0,0,0,SEK,,,,,,,,,,,,,,,,,,,,,,,,,,,,,,,,,,,,,,,,,,,,,,,,,,,,,,,,,,,,,,Two AWS experts pro bono + lokal Malmö Live
35,1,Söderberg Family Foundation,Research Kaladioscope LU,,,Creatives and Changemakers,Hybrid Digital Live experiences,Green-B,Layer 2,4,1,LU,Cinfo;MSO;Malmö Live;Malmö stad;Axis;AWS,,,,,,R,2022-09-02,2023-08-30,100 000,SEK,,,,,,,,,0,12,0,0,8333.333333,8333.333333,0,0,SEK,0,0,0,0,4,8,0,0,0,0,0,0,0,,,,,,,,,,,,,,,,,,,,,,,,,,,,,,,,,,,,,,,,,,,,,,,,,Part of research to build up new area
36,1,Investering_egna_medel,Camera equpment Axis,,Malmö Live;testbed,Creatives and Changemakers,Hybrid Digital Live experiences,Green-B,Layer 3,1,1,Axis,Malmö Live,,,,,,R,2023-01-01,2026-10-31,100 000,SEK,,,,,,,,,0,46,0,0,2173.913043,2173.913043,0,0,SEK,0,0,0,0,0,12,12,12,10,0,0,0,0,,,,,,,,,,,,,,,,,,,,,,,,,,,,,,,,,,,,,,,,,,,,,,,,,Axis istalls equipment for free
37,1,Investering_egna_medel,LUDICH Collaboration project,,,Creatives and Changemakers,Hybrid Digital Live experiences,Yellow-A,Layer 1,5,1,LU,Axis;Cinfo:AWS;CapGemini;FBL,,,,,,R,2023-01-01,2026-10-31,3 000 000,SEK,,20 000,,,,,,,0,46,0,0,65652.17391,65217.3913,0,434.7826087,SEK,0,0,0,0,0,12,12,12,10,0,0,0,0,,,,,,,,,,,,,,,,,,,,,,,,,,,,,,,,,,,,,,,,,,,,,,,,,
38,1,JW and TH Foundation,Kaldioscope,,research,Creatives and Changemakers,Hybrid Digital Live experiences,Yellow-A,Layer 1,1,,LU,,,,,,,R,2023-09-01,2026-06-30,835 000.00 kr,SEK,,,,,,,,,0,34,0,0,24558.82353,24558.82353,0,0,SEK,0,0,0,0,0,4,12,12,6,0,0,0,0,,,,,,,,,,,,,,,,,,,,,,,,,,,,,,,,,,,,,,,,,,,,,,,,,"All relevant actors, internal LU-project team, stakeholders in the public sphere (including Future by Lund) and external actors in the project network are studied"
39,1,Region Skåne ERUF,Cross Innovation Southern Sweden,,,Creatives and Changemakers,Hybrid Digital Live experiences,Yellow-A,Layer 2,3,,LU,"Region Skåne, FBL, LU",,,,,,R,2023-06-01,2024-12-31,150 000.00 kr,SEK,,,,,,,,,0,19,0,0,7894.736842,7894.736842,0,0,SEK,0,0,0,0,0,7,12,0,0,0,0,0,0,,,,,,,,,,,,,,,,,,,,,,,,,,,,,,,,,,,,,,,,,,,,,,,,,Processledning inkludering kulturaktörer etc
40,1,Investering_egna_medel,"Master Thesis Switch On Exploring Directions for the Future of Classical Music
Streaming Experiences",,research,Creatives and Changemakers,Hybrid Digital Live experiences,Yellow-A,Layer 1,1,,LU,,,,,,,R,2023-05-24,2024-06-01,50 000.00 kr,SEK,,,,,,,,,0,14,0,0,3571.428571,3571.428571,0,0,SEK,0,0,0,0,0,8,6,0,0,0,0,0,0,,,,,,,,,,,,,,,,,,,,,,,,,,,,,,,,,,,,,,,,,,,,,,,,,Eget arbete master
41,1,Investering_egna_medel,Master Thesis The Power to be Creative: Unveiling the Influence of Power on Creativity Within Open Innovation Environment  ,,research,Creatives and Changemakers,Hybrid Digital Live experiences,Yellow-A,Layer 2,2,,LU,,,,,,,R,2023-05-24,2024-05-01,50 000.00 kr,SEK,,,,,,,,,0,13,0,0,3846.153846,3846.153846,0,0,SEK,0,0,0,0,0,8,5,0,0,0,0,0,0,,,,,,,,,,,,,,,,,,,,,,,,,,,,,,,,,,,,,,,,,,,,,,,,,Eget arbete master
42,1,Investering_egna_medel,Unexpected,,event,Creatives and Changemakers,Hybrid Digital Live experiences,Yellow-A,Layer 1,2,,FBL,LU,,,,,,R,2023-06-01,2023-06-30,20 000.00 kr,SEK,,,,,,,,,0,1,0,0,20000,20000,0,0,SEK,0,0,0,0,0,7,0,0,0,0,0,0,0,,,,,,,,,,,,,,,,,,,,,,,,,,,,,,,,,,,,,,,,,,,,,,,,,
43,1,Region Skåne ERUF,Cross Innovation Southern Sweden sound,,event,Creatives and Changemakers,Hybrid Digital Live experiences,Yellow-A,Layer 2,5,,LU,FBL;Axis;Massive;Malmö Live,,,,,,R,2023-10-01,2024-04-30,136 000.00 kr,SEK,10 000.00 kr,35000,,,,,,,0,7,1428.571429,0,24428.57143,19428.57143,1428.571429,5000,SEK,0,0,0,0,0,3,4,0,0,0,0,0,0,,,,,,,,,,,,,,,,,,,,,,,,,,,,,,,,,,,,,,,,,,,,,,,,,
44,1,Investering_egna_medel,Fundraising by FBL,,,Creatives and Changemakers,Hybrid Digital Live experiences,Yellow-A,Layer 1,2,,FBL,LU,2024-07-01,2024-12-31,200 000,,,R,,,,SEK,,,,,,,,,-1493,0,0,0,0,0,0,0,SEK,,,,,,,,,,,,,,,,,,,,,,,,,,,,,,,,,,,,,,,,,,,,,,,,,,,,,,,,,,,,,,Staff time spent in researching and writing
45,1,Vinnova_xxx,KonsertX,,,Creatives and Changemakers,Hybrid Digital Live experiences,Green-B,Layer 2,2,,LU,FBL,,,,,,R,2024-09-01,2025-08-31,1 000 000.00 kr,SEK,171 500.00 kr,,,,,,,,0,12,14291.66667,0,83333.33333,83333.33333,14291.66667,0,SEK,0,0,0,0,0,0,4,8,0,0,0,0,0,,,,,,,,,,,,,,,,,,,,,,,,,,,,,,,,,,,,,,,,,,,,,,,,,
46,1,Investering_egna_medel,Digital development academy of Music DB,,,Creatives and Changemakers,Hybrid Digital Live experiences,Yellow-A,Layer 1,1,,LU,,,,,,,R,2024-09-01,2025-08-31,225 000,SEK,,,,,,,,,0,12,0,0,18750,18750,0,0,SEK,0,0,0,0,0,0,4,8,0,0,0,0,0,,,,,,,,,,,,,,,,,,,,,,,,,,,,,,,,,,,,,,,,,,,,,,,,,
47,1,ABC Centre Funding,Kaladioscope postdoc,,research,Creatives and Changemakers,Hybrid Digital Live experiences,Yellow-A,Layer 1,1,,LU,,,,,,,R,2024-11-01,2026-10-31,2 000 000.00 kr,SEK,,,,,,,,,0,24,0,0,83333.33333,83333.33333,0,0,SEK,0,0,0,0,0,0,2,12,10,0,0,0,0,,,,,,,,,,,,,,,,,,,,,,,,,,,,,,,,,,,,,,,,,,,,,,,,,The decision is part of the strategy for building up the ABC-centre. There has to be a strong research basis for it to develop new educational initiatives. More people are also needed to cover LUDICH/Kalaudioscope research-wise
48,1,Region Skåne Kultur,Testbed mejeriet,,testbed,Creatives and Changemakers,Hybrid Digital Live experiences,Green-B,Layer 2,3,,Mejeriet,FBL;LU,,,,,,P,2024-12-01,2025-09-30,180 000,SEK,100 000.00 kr,,,,,,,,0,10,10000,0,18000,18000,10000,0,SEK,0,0,0,0,0,0,1,9,0,0,0,0,0,,,,,,,,,,,,,,,,,,,,,,,,,,,,,,,,,,,,,,,,,,,,,,,,,
49,1,Region Skåne Kultur,Recedency-First person Singer,,residence,Creatives and Changemakers,Hybrid Digital Live experiences,Green-B,Layer 2,2,,Malmö Opera,LU,,,,,,P,2025-01-01,2025-12-31,150 000,SEK,,,,,,,,,0,12,0,0,12500,12500,0,0,SEK,0,0,0,0,0,0,0,12,0,0,0,0,0,,,,,,,,,,,,,,,,,,,,,,,,,,,,,,,,,,,,,,,,,,,,,,,,,
50,1,Investering_egna_medel,Axis mobile rack equipment,,equipment,Creatives and Changemakers,Hybrid Digital Live experiences,Yellow-A,Layer 2,1,,Axis,,,,,,,R,2025-01-01,2027-01-01,300 000.00 kr,SEK,,,,,,,,,0,25,0,0,12000,12000,0,0,SEK,0,0,0,0,0,0,0,12,12,1,0,0,0,,,,,,,,,,,,,,,,,,,,,,,,,,,,,,,,,,,,,,,,,,,,,,,,,
51,1,ABC Centre Funding,Industrial Phd,,research,Creatives and Changemakers,Hybrid Digital Live experiences,Yellow-A,Layer 1,1,,LU,,,,,,,P,2024-10-01,2028-10-31,2 500 000.00 kr,SEK,,,,,,,,,0,49,0,0,51020.40816,51020.40816,0,0,SEK,0,0,0,0,0,0,3,12,12,12,10,0,0,,,,,,,,,,,,,,,,,,,,,,,,,,,,,,,,,,,,,,,,,,,,,,,,,
52,1,Investering_egna_medel,Fashioning AI: human and nonhuman designs,,research,Creatives and Changemakers,Fashion&,Yellow-A,Layer 2,1,,LU,FBL,,,,,,R,2024-10-01,2026-12-31,2 500 000,SEK,,,,,,,,,0,27,0,0,92592.59259,92592.59259,0,0,SEK,0,0,0,0,0,0,3,12,12,0,0,0,0,,,,,,,,,,,,,,,,,,,,,,,,,,,,,,,,,,,,,,,,,,,,,,,,,Interna medel LU för forskning sökta och beviljade
53,1,Vinnova 2025-02621,Future by MCRS-Multi circulair and sustaineble industry,MCRS - Den multicirkulära och hållbara tillverkningsindustrin,Systemdemonstrator; manufacturing,Creatives and Changemakers,Fashion&,Green-B,Layer 2,15,1,FBL,"FBL;LU:WHATT.io,Medborgarskolan;JIE Digital transformation;Synk Mode Studio;KAMen;PM Digital management;LostBoys;Infinte Accoustics
;ReThink;Tailor Store;Verify Agency;Swedish Power;Adesso;Sensative;IVL;Wåhlander Innovation;HBG",,,,,systemdemonstrator,P,2025-11-07,2028-10-31,12 200 000,SEK,2 045 000,4 055 000,"FBL;LU:WHATT.io,Medborgarskolan;JIE Digital transformation;Synk Mode Studio;KAMen;PM Digital management;LostBoys;Infinte Accoustics
;ReThink;Tailor Store;Verify Agency;Swedish Power;Adesso;Sensative;IVL;Wåhlander Innovation;HBG",Systemdemonstrator hållbar industri,,,Vinnova,,0,36,56805.55556,0,451527.7778,338888.8889,56805.55556,112638.8889,SEK,0,0,0,0,0,0,0,2,12,12,10,0,0,,,,,,,,,,,,,,,,,,,,,,,,,,,,,,,,,,,,,,,,,,,,,,,,,
54,,Investering_egna_medel,Framskrivning koncept Intervueven,Framskrivning koncept Intervueven,"Conceptual work, manufacturing",Creatives and Changemakers,Fashion&,Yellow-A,Layer 1,1,13,FBL,,,,,,,R,2025-05-01,2025-09-30,100 000,SEK,100 000,,FBL,,,,,,,,,,,,,,SEK,,,,,,,,,,,,,,,,,,,,,,,,,,,,,,,,,,,,,,,,,,,,,,,,,,,,,,,,,,,,,,
55,1,Interveuwen_Horizon,,,"Innovation, manufacturing",Creatives and Changemakers,Fashion&,Green-B,Layer 2,2,13,DELFT,TU Delft;Canon Production Printing;Technische Universität Dresden;The University  of Manchester;Manchester Metropolitan University;Future By Lund;WhattIO;Inria;Erasmus University Rotterdam;AITEX;CLO3D;Lululemon;Qmatex;Circular Rotterdam;Enschede TextielStad,,,,,,P,2026-03-01,2030-02-28,50 000 000,SEK,150 000,,TU Delft;Canon Production Printing;Technische Universität Dresden;The University  of Manchester;Manchester Metropolitan University;Future By Lund;WhattIO;Inria;Erasmus University Rotterdam;AITEX;CLO3D;Lululemon;Qmatex;Circular Rotterdam;Enschede TextielStad,,,,EU Horizon,,0,48,3125,0,1041666.667,1041666.667,3125,0,SEK,0,0,0,0,0,0,0,0,10,12,12,12,2,,,,,,,,,,,,,,,,,,,,,,,,,,,,,,,,,,,,,,,,,,,,,,,,,
56,1,Horizon-Cirpass2,Eupolicy DPP,EU-policy DPP,Policy city,Creatives and Changemakers,Fashion&,Yellow-A,Layer 3,2,30,Whatt-io,,,,,,,R,2024-01-01,2026-12-31,300 000,SEK,0,,Whatt.io,,,,EU Horizon,,0,36,0,0,8333.333333,8333.333333,0,0,SEK,0,0,0,0,0,0,12,12,12,0,0,0,0,,,,,,,,,,,,,,,,,,,,,,,,,,,,,,,,,,,,,,,,,,,,,,,,,FBL partner deltar men FBL bidrar med kunksap och adm. Stöd
57,1,Trelleborgs Kommun,LAGOM-Trelleborg innovations policy handel logistik,LAGOM-Trelleborg,Policy city,Creatives and Changemakers,Fashion&,Yellow-A,Layer 3,3,0,LU REAL,"FBL, Trelleborg",,,,,,R,2025-09-01,2026-03-01,250 000,SEK,0,,,,,,Trelleborgs Kommun,,0,7,0,0,35714.28571,35714.28571,0,0,SEK,0,0,0,0,0,0,0,4,3,0,0,0,0,,,,,,,,,,,,,,,,,,,,,,,,,,,,,,,,,,,,,,,,,,,,,,,,,FBL partner deltar men bidrar med kunksap
58,1,"Jordbruksverket, Innovationsstöd inom EIP-AGRI",Teknik och småskalig design,,Förstudie,Creatives and Changemakers,Fashion&,Yellow-A,Layer 1,6,0,Erica L,FBL,,,,,,R,2025-10-01,2026-01-31,120 000,SEK,15 000,0,,,,,Jordbruksverket,,0,4,3750,0,30000,30000,3750,0,SEK,0,0,0,0,0,0,0,3,1,0,0,0,0,,,,,,,,,,,,,,,,,,,,,,,,,,,,,,,,,,,,,,,,,,,,,,,,,FBL partner deltar bidrar med kunksap och nätverk
59,1,Investering egna medel,IKDC projektkurs design,,Research,Creatives and Changemakers,Fashion&,Yellow-A,Layer 2,4,,LU IKDC,"FBL, Whatt.io, Ecoloution",,,,,,R,2025-03-01,2025-05-20,100 000,SEK,15 000,,,,,,,,0,3,5000,0,33333.33333,33333.33333,5000,0,SEK,0,0,0,0,0,0,0,10,0,0,0,0,0,,,,,,,,,,,,,,,,,,,,,,,,,,,,,,,,,,,,,,,,,,,,,,,,,Projektarbete kurs med case kring Hampa
60,1,Investering egna medel,Föreläsning Fashioning AI,,Research,Creatives and Changemakers,Fashion&,Yellow-A,Layer 3,2,,LU HBG,"FBL, Ecoloution",,,,,,R,2024-12-01,2024-12-31,10 000,SEK,10 000,,,,,,,,0,1,10000,0,10000,10000,10000,0,SEK,0,0,0,0,0,0,1,0,0,0,0,0,0,,,,,,,,,,,,,,,,,,,,,,,,,,,,,,,,,,,,,,,,,,,,,,,,,Föreläsnign Fashioning AI DPP
61,1,Investering egna medel,"LIA digital transformation, MCRS",,Research,Creatives and Changemakers,Fashion&,Yellow-A,Layer 2,2,,FBL,JIE,,,,,,R,2025-09-20,2025-12-31,87 500,SEK,0,,JIE,,,,,,0,4,0,0,21875,21875,0,0,SEK,0,0,0,0,0,0,0,4,0,0,0,0,0,,,,,,,,,,,,,,,,,,,,,,,,,,,,,,,,,,,,,,,,,,,,,,,,,LIA knuten till uppstart MCRS
